token_type,token_address,receiver,amount,id
erc20,0x333A4823466879eeF910A04D473505da62142069,0x636d65212C815b93B8E5b069f7082169cec851b7,0.038076854057586149,
erc20,0x333A4823466879eeF910A04D473505da62142069,0x77aA943A365161e499eaFF59E936a799e6051e15,0.007759484579171050,
erc20,0x333A4823466879eeF910A04D473505da62142069,0xEf736f0036647A1B6828c92A9fEe27a6DDC2B250,0.034908304269552535,
erc20,0x333A4823466879eeF910A04D473505da62142069,0x3e465ABFa9b2A7E18a610F489fb3510765461d13,0.024203986965584708,
erc20,0x333A4823466879eeF910A04D473505da62142069,0x327b0c1Ecd110651dC9994b6764b695c9cdC29bA,0.050325344479095940,
erc20,0x333A4823466879eeF910A04D473505da62142069,0x4e3072f7b5C075EA5FdEb423DA95312C4B99dc22,0.068214637762949617,
erc20,0x333A4823466879eeF910A04D473505da62142069,0xEdd000B7Db3cb8931d4E0cb1D0DBe6B947Ceb09A,0.015840985524060056,
