Name(Optional),receiver,amount,token_address
,0x77aA943A365161e499eaFF59E936a799e6051e15,0.001356112879654372,0x333A4823466879eeF910A04D473505da62142069
,0x540A6950376edC97D449EcCfd1987C100843Be72,0.002279300094591771,0x333A4823466879eeF910A04D473505da62142069
,0xf6f6C75478A7DA8332B30AD28Ce389F3De4cBA95,0.000328194165333019,0x333A4823466879eeF910A04D473505da62142069
,0xEf736f0036647A1B6828c92A9fEe27a6DDC2B250,0.053097048182161125,0x333A4823466879eeF910A04D473505da62142069
,0x3e465ABFa9b2A7E18a610F489fb3510765461d13,0.018048212546398561,0x333A4823466879eeF910A04D473505da62142069
,0xd25AD8d836Bf95e2876E34d6e46635A90C38BB86,0.004906718072174557,0x333A4823466879eeF910A04D473505da62142069
,0x327b0c1Ecd110651dC9994b6764b695c9cdC29bA,0.061561974390766084,0x333A4823466879eeF910A04D473505da62142069
,0x5FecD240ad629B2De86b87C6cd59a448F2168362,0.008816437215855839,0x333A4823466879eeF910A04D473505da62142069
,0x568b9bFfF4a3a7C7351db84EC2F4Ad4CA147A1D0,0.010523305741035372,0x333A4823466879eeF910A04D473505da62142069
,0x4e3072f7b5C075EA5FdEb423DA95312C4B99dc22,0.051636004373637908,0x333A4823466879eeF910A04D473505da62142069
,0xA45e4DA10f86579FF2D37CBf29Fc7B27C08A22fA,0.000800268070741323,0x333A4823466879eeF910A04D473505da62142069
,0x4f6502A9e4f133122e88C58B4aE4ba2d537B19D4,0.000201505758546274,0x333A4823466879eeF910A04D473505da62142069
,0xAf4807D083287f205d897e6D00c6FdE1bF0A241A,0.002403243199430605,0x333A4823466879eeF910A04D473505da62142069
,0x0a8928e9CEde470bf74Fd1ffb7f220ddBc7344af,0.000303507009158188,0x333A4823466879eeF910A04D473505da62142069
,0xF968030893d9A02f51D135c5EeF17513A2981acA,0.001811382495166694,0x333A4823466879eeF910A04D473505da62142069
,0xBcb72C745BEb371842F13c28FD9c3855f5181222,0.001894566112422798,0x333A4823466879eeF910A04D473505da62142069
,0x6192613bb2E3A3A4B895Bd54f93d57e9d382632B,0.000946561864715745,0x333A4823466879eeF910A04D473505da62142069
,0x6eFcAD620d99e788baE23E8A9515CdFF4c83136B,0.000236306128434110,0x333A4823466879eeF910A04D473505da62142069
,0xEdd000B7Db3cb8931d4E0cb1D0DBe6B947Ceb09A,0.013568804316862550,0x333A4823466879eeF910A04D473505da62142069
,0x0F9C6A9d8f9729aB07b5b2B870Ce8122E76708b0,0.004844216845692360,0x333A4823466879eeF910A04D473505da62142069
,0x77D15E5D7A7d3ACeec38cD84AEcB0670567C8ABe,0.000217460373028858,0x333A4823466879eeF910A04D473505da62142069
