token_type,token_address,receiver,amount,id
erc20,0x333A4823466879eeF910A04D473505da62142069,0x636d65212C815b93B8E5b069f7082169cec851b7,0.040221365593818348,
erc20,0x333A4823466879eeF910A04D473505da62142069,0xEf736f0036647A1B6828c92A9fEe27a6DDC2B250,0.002852352819405682,
erc20,0x333A4823466879eeF910A04D473505da62142069,0xD153751aCDBB6c2c7645671dcC2Cef98A83F5327,0.005127170551247151,
erc20,0x333A4823466879eeF910A04D473505da62142069,0x327b0c1Ecd110651dC9994b6764b695c9cdC29bA,0.114981936898673284,
erc20,0x333A4823466879eeF910A04D473505da62142069,0x4e3072f7b5C075EA5FdEb423DA95312C4B99dc22,0.054826466595652880,
erc20,0x333A4823466879eeF910A04D473505da62142069,0xEdd000B7Db3cb8931d4E0cb1D0DBe6B947Ceb09A,0.020600769254112200,
