token_type,token_address,receiver,amount,id
erc20,0x333A4823466879eeF910A04D473505da62142069,0x4e3072f7b5C075EA5FdEb423DA95312C4B99dc22,1.861559087569390640,
erc20,0x333A4823466879eeF910A04D473505da62142069,0x39245d4cEf276e857EF2633F73707189052F00Af,0.018456804656293880,
