token_type,token_address,receiver,amount,id
erc20,0x333A4823466879eeF910A04D473505da62142069,0x4e3072f7b5C075EA5FdEb423DA95312C4B99dc22,1.288570872130322399,
erc20,0x333A4823466879eeF910A04D473505da62142069,0xEdd000B7Db3cb8931d4E0cb1D0DBe6B947Ceb09A,0.059971370201496705,
erc20,0x333A4823466879eeF910A04D473505da62142069,0x39245d4cEf276e857EF2633F73707189052F00Af,0.158951616872140469,
erc20,0x333A4823466879eeF910A04D473505da62142069,0xD6494C5094F07d93b9A36F2cfd32562a744302d4,0.421078053785561674,
