token_type,token_address,receiver,amount,id
erc20,0x333A4823466879eeF910A04D473505da62142069,0x4e3072f7b5C075EA5FdEb423DA95312C4B99dc22,1.438558083894929706,
erc20,0x333A4823466879eeF910A04D473505da62142069,0x895d44d10d1b7B4F5f38E2ae2322539Cf93F7AAA,0.044682452725083896,
erc20,0x333A4823466879eeF910A04D473505da62142069,0x39245d4cEf276e857EF2633F73707189052F00Af,0.136970363992752509,
erc20,0x333A4823466879eeF910A04D473505da62142069,0xD6494C5094F07d93b9A36F2cfd32562a744302d4,0.305441548383954230,
